Pairing ID,	Main Layover, Sequence,	Pairing Length(in days), No.of Legs, Max LNj, Min LNj, Pairing Length(in duty hours), Pairing Length(in block hours), Start time ,End time, Rest End time
0,-,-,3,2,2,2,10,8,4/3/2017 13:40:0,4/4/2017 0:25:0,4/5/2017 12:29:0,
1,-,-,3,2,2,2,10,8,4/9/2017 13:20:0,4/10/2017 0:5:0,4/11/2017 0:10:0,
2,-,-,3,2,2,2,5,3,4/11/2017 17:50:0,4/11/2017 23:20:0,4/13/2017 0:10:0,
3,-,-,3,2,2,2,11,9,4/13/2017 12:30:0,4/13/2017 23:55:0,4/15/2017 17:30:0,
4,-,-,2,2,2,2,8,7,4/16/2017 1:40:0,4/16/2017 10:35:0,4/16/2017 22:35:0,
5,-,-,2,2,2,2,10,8,4/17/2017 7:10:0,4/17/2017 17:20:0,4/18/2017 17:30:0,
6,-,-,3,2,2,2,11,9,4/20/2017 12:30:0,4/20/2017 23:55:0,4/22/2017 17:30:0,
7,-,-,2,2,2,2,9,7,4/24/2017 6:35:0,4/24/2017 16:5:0,4/25/2017 17:30:0,
8,-,-,3,2,2,2,5,3,4/25/2017 18:25:0,4/26/2017 0:0:0,4/27/2017 0:10:0,
9,KWI,-,4,2,1,1,37,11,4/27/2017 11:25:0,4/29/2017 1:15:0,4/30/2017 0:10:0,
10,-,-,2,2,2,2,8,7,4/30/2017 1:40:0,4/30/2017 10:35:0,4/30/2017 22:35:0,
11,-,-,2,2,2,2,11,8,4/4/2017 0:35:0,4/4/2017 11:40:0,4/5/2017 12:29:0,
12,-,-,2,2,2,2,10,8,4/9/2017 5:30:0,4/9/2017 16:25:0,4/10/2017 12:29:0,
13,-,-,2,2,2,2,10,8,4/11/2017 0:40:0,4/11/2017 11:20:0,4/12/2017 12:29:0,
14,-,-,2,2,2,2,11,8,4/13/2017 0:35:0,4/13/2017 12:20:0,4/14/2017 12:29:0,
15,-,-,3,2,2,2,5,3,4/14/2017 17:50:0,4/14/2017 23:20:0,4/16/2017 0:10:0,
16,-,-,2,2,2,2,10,7,4/18/2017 0:55:0,4/18/2017 10:55:0,4/18/2017 22:55:0,
17,-,-,2,2,2,2,11,8,4/20/2017 0:35:0,4/20/2017 12:20:0,4/21/2017 12:29:0,
18,-,-,3,2,2,2,7,5,4/22/2017 16:55:0,4/23/2017 0:35:0,4/24/2017 0:10:0,
19,-,-,2,2,2,2,10,8,4/24/2017 0:40:0,4/24/2017 11:20:0,4/25/2017 12:29:0,
20,-,-,2,2,2,2,11,9,4/26/2017 0:40:0,4/26/2017 12:30:0,4/27/2017 0:30:0,
21,-,-,2,2,2,2,10,8,4/27/2017 7:10:0,4/27/2017 17:20:0,4/28/2017 17:30:0,
22,-,-,2,2,2,2,11,9,4/30/2017 0:40:0,4/30/2017 12:30:0,5/1/2017 0:30:0,
23,-,-,2,2,2,2,10,8,4/9/2017 7:10:0,4/9/2017 17:20:0,4/10/2017 17:30:0,
24,-,-,3,2,2,2,5,3,4/10/2017 17:50:0,4/10/2017 23:20:0,4/12/2017 0:10:0,
25,BKK,-,5,4,2,1,65,14,4/13/2017 0:30:0,4/15/2017 17:55:0,4/16/2017 23:55:0,
26,-,-,2,2,2,2,11,8,4/17/2017 5:25:0,4/17/2017 16:25:0,4/18/2017 12:29:0,
27,-,-,3,2,2,2,7,5,4/18/2017 16:55:0,4/19/2017 0:35:0,4/20/2017 0:10:0,
28,-,-,2,2,2,2,10,7,4/20/2017 0:55:0,4/20/2017 10:55:0,4/20/2017 22:55:0,
29,-,-,3,2,2,2,11,9,4/23/2017 12:30:0,4/23/2017 23:55:0,4/25/2017 17:30:0,
30,-,-,3,2,2,2,5,3,4/26/2017 17:50:0,4/26/2017 23:20:0,4/28/2017 0:10:0,
31,-,-,2,2,2,2,10,8,4/28/2017 0:40:0,4/28/2017 11:20:0,4/29/2017 12:29:0,
32,-,-,2,2,2,2,10,8,4/7/2017 5:30:0,4/7/2017 16:25:0,4/8/2017 12:29:0,
33,KUL,-,4,4,3,1,40,11,4/11/2017 12:0:0,4/13/2017 4:45:0,4/14/2017 10:45:0,
34,-,-,3,2,2,2,7,5,4/14/2017 16:55:0,4/15/2017 0:35:0,4/16/2017 0:10:0,
35,-,-,3,2,2,2,5,3,4/16/2017 17:50:0,4/16/2017 23:20:0,4/18/2017 0:10:0,
36,KWI,-,4,2,1,1,37,11,4/19/2017 11:25:0,4/21/2017 1:15:0,4/22/2017 0:10:0,
37,-,-,4,2,2,2,13,11,4/25/2017 11:45:0,4/26/2017 1:0:0,4/28/2017 0:30:0,
38,-,-,4,2,2,2,12,10,4/28/2017 11:55:0,4/29/2017 0:0:0,5/1/2017 0:30:0,
39,-,-,3,2,2,2,11,7,4/4/2017 12:35:0,4/5/2017 0:10:0,4/6/2017 0:10:0,
40,-,-,3,2,2,2,5,3,4/7/2017 18:5:0,4/7/2017 23:50:0,4/9/2017 0:10:0,
41,-,-,2,2,2,2,8,7,4/9/2017 1:40:0,4/9/2017 10:35:0,4/9/2017 22:35:0,
42,-,-,2,2,2,2,9,7,4/10/2017 6:35:0,4/10/2017 16:5:0,4/11/2017 17:30:0,
43,-,-,4,2,2,2,12,10,4/14/2017 11:55:0,4/15/2017 0:0:0,4/17/2017 0:30:0,
44,-,-,3,2,2,2,5,3,4/17/2017 17:50:0,4/17/2017 23:20:0,4/19/2017 0:10:0,
45,-,-,3,2,2,2,11,9,4/19/2017 12:30:0,4/19/2017 23:55:0,4/21/2017 17:30:0,
46,DOH,-,4,4,3,1,41,13,4/23/2017 6:55:0,4/25/2017 0:50:0,4/26/2017 0:10:0,
47,SIN,-,4,4,3,1,42,11,4/26/2017 11:45:0,4/28/2017 6:5:0,4/29/2017 12:5:0,
48,-,-,2,2,2,2,10,8,4/30/2017 0:40:0,4/30/2017 11:20:0,5/1/2017 12:29:0,
49,BKK,-,4,2,1,1,33,7,4/4/2017 16:40:0,4/6/2017 2:20:0,4/7/2017 8:20:0,
50,-,-,4,2,2,2,12,10,4/7/2017 11:35:0,4/8/2017 0:0:0,4/10/2017 0:30:0,
51,-,-,2,2,2,2,11,9,4/10/2017 0:40:0,4/10/2017 12:30:0,4/11/2017 0:30:0,
52,-,-,3,2,2,2,10,8,4/13/2017 13:20:0,4/14/2017 0:5:0,4/15/2017 0:10:0,
53,RUH,-,4,2,1,1,37,11,4/15/2017 11:25:0,4/17/2017 1:15:0,4/18/2017 0:10:0,
54,-,-,4,2,2,2,12,10,4/18/2017 11:55:0,4/19/2017 0:0:0,4/21/2017 0:30:0,
55,-,-,3,2,2,2,5,3,4/21/2017 17:50:0,4/21/2017 23:20:0,4/23/2017 0:10:0,
56,-,-,2,2,2,2,8,7,4/23/2017 1:40:0,4/23/2017 10:35:0,4/23/2017 22:35:0,
57,RUH,-,4,2,1,1,37,11,4/26/2017 11:25:0,4/28/2017 1:15:0,4/29/2017 0:10:0,
58,-,-,2,2,2,2,11,8,4/3/2017 1:0:0,4/3/2017 12:20:0,4/4/2017 17:30:0,
59,-,-,4,2,2,2,12,10,4/6/2017 11:35:0,4/7/2017 0:0:0,4/9/2017 0:30:0,
60,-,-,2,2,2,2,10,8,4/9/2017 0:40:0,4/9/2017 11:20:0,4/10/2017 12:29:0,
61,-,-,3,2,2,2,11,9,4/10/2017 12:30:0,4/10/2017 23:55:0,4/12/2017 17:30:0,
62,SIN,-,4,4,3,1,42,11,4/13/2017 11:50:0,4/15/2017 6:5:0,4/16/2017 12:5:0,
63,-,-,3,2,2,2,10,8,4/16/2017 13:20:0,4/17/2017 0:5:0,4/18/2017 0:10:0,
64,-,-,2,2,2,2,11,9,4/20/2017 1:15:0,4/20/2017 12:20:0,4/21/2017 0:20:0,
65,BKK,-,4,4,3,1,41,10,4/21/2017 12:5:0,4/23/2017 6:0:0,4/24/2017 12:0:0,
66,-,-,3,2,2,2,7,5,4/24/2017 16:55:0,4/25/2017 0:35:0,4/26/2017 0:10:0,
67,-,-,2,2,2,2,10,8,4/29/2017 7:10:0,4/29/2017 17:20:0,4/30/2017 17:30:0,
68,-,-,3,2,2,2,5,3,4/30/2017 17:50:0,4/30/2017 23:20:0,5/2/2017 0:10:0,
69,-,-,3,2,2,2,4,2,4/3/2017 17:40:0,4/3/2017 22:30:0,4/5/2017 0:10:0,
70,-,-,2,2,2,2,11,8,4/5/2017 0:10:0,4/5/2017 11:45:0,4/6/2017 12:29:0,
71,-,-,2,2,2,2,8,7,4/7/2017 1:40:0,4/7/2017 10:35:0,4/7/2017 22:35:0,
72,-,-,2,2,2,2,10,8,4/11/2017 7:10:0,4/11/2017 17:20:0,4/12/2017 17:30:0,
73,LHR,-,6,2,1,1,49,23,4/13/2017 6:0:0,4/15/2017 7:40:0,4/18/2017 0:30:0,
74,-,-,2,2,2,2,12,10,4/18/2017 0:30:0,4/18/2017 12:30:0,4/19/2017 0:30:0,
75,PVG,-,4,2,1,1,42,15,4/19/2017 5:50:0,4/21/2017 0:35:0,4/22/2017 9:30:0,
76,-,-,3,2,2,2,11,9,4/22/2017 12:30:0,4/22/2017 23:55:0,4/24/2017 17:30:0,
77,-,-,2,2,2,2,11,7,4/26/2017 0:55:0,4/26/2017 12:30:0,4/27/2017 0:30:0,
78,-,-,3,2,2,2,7,5,4/28/2017 16:55:0,4/29/2017 0:35:0,4/30/2017 0:10:0,
79,BAH,-,4,2,1,1,37,11,4/3/2017 12:0:0,4/5/2017 1:0:0,4/6/2017 0:10:0,
80,-,-,2,2,2,2,11,8,4/6/2017 0:10:0,4/6/2017 11:45:0,4/7/2017 12:29:0,
81,-,-,3,2,2,2,7,5,4/7/2017 16:50:0,4/8/2017 0:35:0,4/9/2017 0:10:0,
82,-,-,2,2,2,2,11,8,4/11/2017 0:35:0,4/11/2017 12:20:0,4/12/2017 12:29:0,
83,-,-,3,2,2,2,11,9,4/12/2017 12:30:0,4/12/2017 23:55:0,4/14/2017 17:30:0,
84,-,-,3,2,2,2,5,3,4/14/2017 17:50:0,4/14/2017 23:20:0,4/16/2017 0:10:0,
85,-,-,4,2,2,2,12,10,4/16/2017 11:55:0,4/17/2017 0:0:0,4/19/2017 0:30:0,
86,DOH,-,4,4,3,1,41,13,4/19/2017 6:55:0,4/21/2017 0:50:0,4/22/2017 0:10:0,
87,JED,-,4,2,1,1,39,13,4/25/2017 7:55:0,4/26/2017 23:15:0,4/28/2017 0:10:0,
88,-,-,2,2,2,2,10,8,4/7/2017 6:10:0,4/7/2017 16:20:0,4/8/2017 17:30:0,
89,-,-,3,2,2,2,5,3,4/8/2017 17:50:0,4/8/2017 23:20:0,4/10/2017 0:10:0,
90,PEK,-,5,2,1,1,66,15,4/10/2017 5:55:0,4/13/2017 0:40:0,4/14/2017 9:30:0,
91,BKK,-,4,4,3,1,41,10,4/16/2017 12:5:0,4/18/2017 6:0:0,4/19/2017 12:0:0,
92,-,-,3,2,2,2,5,3,4/19/2017 17:50:0,4/19/2017 23:20:0,4/21/2017 0:10:0,
93,-,-,4,2,2,2,12,10,4/21/2017 11:50:0,4/21/2017 23:55:0,4/24/2017 0:30:0,
94,DOH,-,4,4,3,1,41,13,4/26/2017 6:55:0,4/28/2017 0:50:0,4/29/2017 0:10:0,
95,RUH,-,4,2,1,1,37,11,4/6/2017 11:25:0,4/8/2017 1:15:0,4/9/2017 0:10:0,
96,-,-,2,2,2,2,10,7,4/9/2017 0:55:0,4/9/2017 10:55:0,4/9/2017 22:55:0,
97,LHR,-,6,2,1,1,49,23,4/11/2017 6:0:0,4/13/2017 7:40:0,4/16/2017 0:30:0,
98,-,-,3,2,2,2,11,9,4/16/2017 12:30:0,4/16/2017 23:55:0,4/18/2017 17:30:0,
99,-,-,3,2,2,2,5,3,4/18/2017 18:25:0,4/19/2017 0:0:0,4/20/2017 0:10:0,
100,-,-,2,2,2,2,9,7,4/21/2017 6:35:0,4/21/2017 16:5:0,4/22/2017 17:30:0,
101,RUH,-,4,2,1,1,37,11,4/24/2017 11:25:0,4/26/2017 1:15:0,4/27/2017 0:10:0,
102,-,-,2,2,2,2,10,8,4/27/2017 0:40:0,4/27/2017 11:20:0,4/28/2017 12:29:0,
103,-,-,4,2,2,2,13,11,4/29/2017 11:45:0,4/30/2017 1:0:0,5/2/2017 0:30:0,
104,-,-,3,2,2,2,7,5,4/4/2017 16:50:0,4/5/2017 0:35:0,4/6/2017 0:10:0,
105,PVG,-,4,4,3,1,48,15,4/6/2017 0:45:0,4/8/2017 0:55:0,4/9/2017 9:30:0,
106,LHR,-,6,2,1,1,49,23,4/10/2017 6:0:0,4/12/2017 7:40:0,4/15/2017 0:30:0,
107,DOH,-,4,4,3,1,42,13,4/15/2017 6:40:0,4/17/2017 0:50:0,4/18/2017 0:10:0,
108,-,-,3,2,2,2,11,9,4/18/2017 12:30:0,4/18/2017 23:55:0,4/20/2017 17:30:0,
109,-,-,3,2,2,2,5,3,4/20/2017 17:50:0,4/20/2017 23:20:0,4/22/2017 0:10:0,
110,-,-,2,2,2,2,10,8,4/23/2017 0:35:0,4/23/2017 11:20:0,4/24/2017 12:29:0,
111,-,-,2,2,2,2,12,10,4/26/2017 0:30:0,4/26/2017 12:30:0,4/27/2017 0:30:0,
112,-,-,3,2,2,2,10,8,4/27/2017 13:20:0,4/28/2017 0:5:0,4/29/2017 0:10:0,
113,BKK,-,4,4,3,1,38,10,4/3/2017 11:50:0,4/5/2017 2:20:0,4/6/2017 8:20:0,
114,DOH,-,4,4,3,1,42,13,4/7/2017 6:45:0,4/9/2017 0:50:0,4/10/2017 0:10:0,
115,-,-,2,2,2,2,10,8,4/10/2017 7:10:0,4/10/2017 17:20:0,4/11/2017 17:30:0,
116,-,-,3,2,2,2,5,3,4/13/2017 17:50:0,4/13/2017 23:20:0,4/15/2017 0:10:0,
117,KWI,-,4,2,1,1,37,11,4/15/2017 11:25:0,4/17/2017 1:15:0,4/18/2017 0:10:0,
118,-,-,2,2,2,2,10,8,4/18/2017 0:40:0,4/18/2017 11:20:0,4/19/2017 12:29:0,
119,-,-,2,2,2,2,10,8,4/20/2017 0:40:0,4/20/2017 11:20:0,4/21/2017 12:29:0,
120,-,-,3,2,2,2,11,9,4/21/2017 12:30:0,4/21/2017 23:55:0,4/23/2017 17:30:0,
121,-,-,2,2,2,2,9,7,4/25/2017 6:35:0,4/25/2017 16:5:0,4/26/2017 17:30:0,
122,-,-,4,2,2,2,12,10,4/27/2017 11:55:0,4/28/2017 0:0:0,4/30/2017 0:30:0,
123,-,-,2,2,2,2,10,7,4/30/2017 0:55:0,4/30/2017 10:55:0,4/30/2017 22:55:0,
124,-,-,4,2,2,2,13,11,4/8/2017 11:45:0,4/9/2017 1:0:0,4/11/2017 0:30:0,
125,JED,-,5,2,1,1,63,13,4/13/2017 7:55:0,4/15/2017 23:25:0,4/17/2017 0:10:0,
126,-,-,2,2,2,2,9,7,4/17/2017 6:35:0,4/17/2017 16:5:0,4/18/2017 17:30:0,
127,KUL,-,4,4,3,1,40,11,4/20/2017 12:0:0,4/22/2017 4:45:0,4/23/2017 10:45:0,
128,-,-,3,2,2,2,7,5,4/23/2017 16:55:0,4/24/2017 0:35:0,4/25/2017 0:10:0,
129,BKK,-,4,4,3,1,41,10,4/26/2017 12:5:0,4/28/2017 6:0:0,4/29/2017 12:0:0,
130,-,-,3,2,2,2,11,9,4/29/2017 12:30:0,4/29/2017 23:55:0,5/1/2017 17:30:0,
131,-,-,2,2,2,2,10,7,4/5/2017 1:10:0,4/5/2017 11:50:0,4/5/2017 23:50:0,
132,-,-,3,2,2,2,11,9,4/6/2017 12:30:0,4/6/2017 23:55:0,4/8/2017 17:30:0,
133,-,-,3,2,2,2,5,3,4/8/2017 17:50:0,4/8/2017 23:20:0,4/10/2017 0:10:0,
134,-,-,2,2,2,2,10,8,4/10/2017 0:35:0,4/10/2017 11:20:0,4/11/2017 12:29:0,
135,SIN,-,4,4,3,1,42,11,4/12/2017 11:45:0,4/14/2017 6:5:0,4/15/2017 12:5:0,
136,-,-,3,2,2,2,7,5,4/15/2017 16:55:0,4/16/2017 0:35:0,4/17/2017 0:10:0,
137,-,-,2,2,2,2,10,6,4/19/2017 1:40:0,4/19/2017 12:30:0,4/20/2017 0:30:0,
138,PVG,-,4,2,1,1,41,15,4/20/2017 6:40:0,4/22/2017 0:35:0,4/23/2017 9:30:0,
139,-,-,4,2,2,2,13,11,4/23/2017 11:45:0,4/24/2017 1:0:0,4/26/2017 0:30:0,
140,LHR,-,6,2,1,1,49,23,4/26/2017 6:0:0,4/28/2017 7:40:0,5/1/2017 0:30:0,
141,-,-,2,2,2,2,11,3,4/3/2017 0:40:0,4/3/2017 11:50:0,4/3/2017 23:50:0,
142,NRT,-,7,2,1,1,72,19,4/5/2017 12:25:0,4/8/2017 12:45:0,4/11/2017 0:30:0,
143,-,-,4,2,2,2,12,10,4/13/2017 11:55:0,4/14/2017 0:0:0,4/16/2017 0:30:0,
144,-,-,2,2,2,2,10,8,4/16/2017 0:35:0,4/16/2017 11:20:0,4/17/2017 12:29:0,
145,-,-,3,2,2,2,5,3,4/17/2017 17:50:0,4/17/2017 23:20:0,4/19/2017 0:10:0,
146,-,-,2,2,2,2,10,8,4/19/2017 5:30:0,4/19/2017 16:25:0,4/20/2017 12:29:0,
147,-,-,3,2,2,2,5,3,4/22/2017 17:50:0,4/22/2017 23:20:0,4/24/2017 0:10:0,
148,DOH,-,4,4,3,1,41,13,4/24/2017 6:55:0,4/26/2017 0:50:0,4/27/2017 0:10:0,
149,-,-,2,2,2,2,12,10,4/29/2017 0:30:0,4/29/2017 12:30:0,4/30/2017 0:30:0,
150,-,-,2,2,2,2,10,8,4/30/2017 5:30:0,4/30/2017 16:25:0,5/1/2017 12:29:0,
151,-,-,3,2,2,2,11,7,4/5/2017 12:35:0,4/6/2017 0:10:0,4/7/2017 0:10:0,
152,-,-,2,2,2,2,10,8,4/7/2017 0:55:0,4/7/2017 11:10:0,4/8/2017 12:29:0,
153,KUL,-,4,4,3,1,40,11,4/10/2017 12:0:0,4/12/2017 4:45:0,4/13/2017 10:45:0,
154,BKK,-,4,4,3,1,41,10,4/13/2017 12:5:0,4/15/2017 6:0:0,4/16/2017 12:0:0,
155,-,-,2,2,2,2,10,8,4/17/2017 0:40:0,4/17/2017 11:20:0,4/18/2017 12:29:0,
156,KWI,-,4,2,1,1,37,11,4/22/2017 11:25:0,4/24/2017 1:15:0,4/25/2017 0:10:0,
157,-,-,3,2,2,2,5,3,4/27/2017 17:50:0,4/27/2017 23:20:0,4/29/2017 0:10:0,
158,-,-,2,2,2,2,10,7,4/6/2017 1:5:0,4/6/2017 12:0:0,4/7/2017 0:0:0,
159,-,-,4,2,2,2,13,11,4/9/2017 11:45:0,4/10/2017 1:0:0,4/12/2017 0:30:0,
160,LHR,-,6,2,1,1,49,23,4/12/2017 6:0:0,4/14/2017 7:40:0,4/17/2017 0:30:0,
161,PVG,-,5,2,1,1,65,15,4/17/2017 6:40:0,4/20/2017 0:35:0,4/21/2017 9:30:0,
162,SIN,-,4,4,3,1,42,11,4/21/2017 11:45:0,4/23/2017 6:5:0,4/24/2017 12:5:0,
163,-,-,2,2,2,2,11,8,4/25/2017 0:35:0,4/25/2017 12:20:0,4/26/2017 12:29:0,
164,-,-,3,2,2,2,7,5,4/26/2017 16:55:0,4/27/2017 0:35:0,4/28/2017 0:10:0,
165,-,-,3,2,2,2,11,9,4/30/2017 12:30:0,4/30/2017 23:55:0,5/2/2017 17:30:0,
166,-,-,3,2,2,2,11,7,4/3/2017 12:35:0,4/4/2017 0:10:0,4/5/2017 0:10:0,
167,-,-,2,2,2,2,10,7,4/5/2017 1:5:0,4/5/2017 12:0:0,4/6/2017 0:0:0,
168,-,-,2,2,2,2,10,7,4/7/2017 0:55:0,4/7/2017 10:55:0,4/7/2017 22:55:0,
169,-,-,2,2,2,2,11,8,4/8/2017 5:25:0,4/8/2017 16:25:0,4/9/2017 12:29:0,
170,JED,-,4,2,1,1,39,13,4/11/2017 7:55:0,4/12/2017 23:15:0,4/14/2017 0:10:0,
171,BKK,-,5,4,2,1,66,13,4/14/2017 0:20:0,4/16/2017 18:40:0,4/18/2017 0:40:0,
172,-,-,2,2,2,2,11,8,4/19/2017 0:35:0,4/19/2017 12:20:0,4/20/2017 12:29:0,
173,-,-,3,2,2,2,7,5,4/20/2017 16:55:0,4/21/2017 0:35:0,4/22/2017 0:10:0,
174,-,-,2,2,2,2,10,8,4/22/2017 0:40:0,4/22/2017 11:20:0,4/23/2017 12:29:0,
175,-,-,3,2,2,2,11,9,4/25/2017 12:30:0,4/25/2017 23:55:0,4/27/2017 17:30:0,
176,-,-,2,2,2,2,10,8,4/29/2017 0:35:0,4/29/2017 11:20:0,4/30/2017 12:29:0,
177,-,-,4,2,2,2,13,11,4/4/2017 11:35:0,4/5/2017 0:50:0,4/7/2017 0:30:0,
178,-,-,3,2,2,2,5,3,4/9/2017 18:25:0,4/10/2017 0:0:0,4/11/2017 0:10:0,
179,-,-,3,2,2,2,7,5,4/11/2017 16:55:0,4/12/2017 0:35:0,4/13/2017 0:10:0,
180,-,-,4,2,2,2,12,10,4/13/2017 11:50:0,4/13/2017 23:55:0,4/16/2017 0:30:0,
181,-,-,2,2,2,2,12,10,4/16/2017 0:30:0,4/16/2017 12:30:0,4/17/2017 0:30:0,
182,KWI,-,4,2,1,1,37,11,4/17/2017 11:25:0,4/19/2017 1:15:0,4/20/2017 0:10:0,
183,NRT,-,6,2,1,1,47,19,4/22/2017 12:55:0,4/24/2017 12:45:0,4/27/2017 0:30:0,
184,-,-,3,2,2,2,11,9,4/3/2017 12:30:0,4/3/2017 23:55:0,4/5/2017 17:30:0,
185,-,-,3,2,2,2,7,5,4/10/2017 16:55:0,4/11/2017 0:35:0,4/12/2017 0:10:0,
186,-,-,2,2,2,2,10,8,4/12/2017 7:10:0,4/12/2017 17:20:0,4/13/2017 17:30:0,
187,-,-,3,2,2,2,5,3,4/13/2017 17:50:0,4/13/2017 23:20:0,4/15/2017 0:10:0,
188,-,-,2,2,2,2,11,9,4/15/2017 1:15:0,4/15/2017 12:20:0,4/16/2017 0:20:0,
189,DOH,-,4,4,3,1,41,13,4/17/2017 6:55:0,4/19/2017 0:50:0,4/20/2017 0:10:0,
190,-,-,2,2,2,2,10,8,4/21/2017 5:30:0,4/21/2017 16:25:0,4/22/2017 12:29:0,
191,-,-,2,2,2,2,12,10,4/24/2017 0:30:0,4/24/2017 12:30:0,4/25/2017 0:30:0,
192,RUH,-,4,2,1,1,37,11,4/27/2017 11:25:0,4/29/2017 1:15:0,4/30/2017 0:10:0,
193,-,-,2,2,2,2,10,7,4/4/2017 1:5:0,4/4/2017 12:0:0,4/5/2017 0:0:0,
194,NRT,-,6,2,1,1,47,19,4/8/2017 12:55:0,4/10/2017 12:45:0,4/13/2017 0:30:0,
195,KWI,-,4,2,1,1,37,11,4/13/2017 11:25:0,4/15/2017 1:15:0,4/16/2017 0:10:0,
196,-,-,3,2,2,2,5,3,4/16/2017 17:50:0,4/16/2017 23:20:0,4/18/2017 0:10:0,
197,-,-,4,2,2,2,13,11,4/18/2017 11:45:0,4/19/2017 1:0:0,4/21/2017 0:30:0,
198,-,-,3,2,2,2,5,3,4/23/2017 17:50:0,4/23/2017 23:20:0,4/25/2017 0:10:0,
199,-,-,4,2,2,2,12,10,4/25/2017 11:55:0,4/26/2017 0:0:0,4/28/2017 0:30:0,
200,-,-,2,2,2,2,12,10,4/28/2017 0:30:0,4/28/2017 12:30:0,4/29/2017 0:30:0,
201,-,-,4,2,2,2,13,11,4/6/2017 11:35:0,4/7/2017 0:50:0,4/9/2017 0:30:0,
202,-,-,2,2,2,2,10,8,4/9/2017 0:35:0,4/9/2017 11:20:0,4/10/2017 12:29:0,
203,NRT,-,7,2,1,1,71,19,4/12/2017 12:55:0,4/15/2017 12:45:0,4/18/2017 0:30:0,
204,BKK,-,4,4,3,1,41,10,4/18/2017 12:5:0,4/20/2017 6:0:0,4/21/2017 12:0:0,
205,-,-,3,2,2,2,5,3,4/24/2017 17:50:0,4/24/2017 23:20:0,4/26/2017 0:10:0,
206,JED,-,4,2,1,1,40,13,4/26/2017 7:10:0,4/27/2017 23:15:0,4/29/2017 0:10:0,
207,-,-,3,2,2,2,10,8,4/5/2017 13:40:0,4/6/2017 0:25:0,4/7/2017 12:59:0,
208,BKK,-,5,4,2,1,65,14,4/8/2017 0:30:0,4/10/2017 17:55:0,4/11/2017 23:55:0,
209,-,-,3,2,2,2,5,3,4/15/2017 17:50:0,4/15/2017 23:20:0,4/17/2017 0:10:0,
210,DOH,-,4,2,1,1,36,10,4/18/2017 12:0:0,4/20/2017 0:50:0,4/21/2017 0:10:0,
211,-,-,2,2,2,2,11,9,4/21/2017 0:40:0,4/21/2017 12:30:0,4/22/2017 0:30:0,
212,PVG,-,5,2,1,1,65,15,4/24/2017 6:40:0,4/27/2017 0:35:0,4/28/2017 9:30:0,
213,-,-,3,2,2,2,11,9,4/28/2017 12:30:0,4/28/2017 23:55:0,4/30/2017 17:30:0,
214,-,-,2,2,2,2,10,7,4/3/2017 1:5:0,4/3/2017 12:0:0,4/4/2017 0:0:0,
215,-,-,2,2,2,2,11,8,4/6/2017 0:35:0,4/6/2017 11:40:0,4/7/2017 12:29:0,
216,-,-,3,2,2,2,11,9,4/7/2017 12:30:0,4/7/2017 23:55:0,4/9/2017 17:30:0,
217,-,-,2,2,2,2,10,8,4/10/2017 0:40:0,4/10/2017 11:20:0,4/11/2017 12:29:0,
218,-,-,3,2,2,2,7,5,4/13/2017 16:55:0,4/14/2017 0:35:0,4/15/2017 0:10:0,
219,-,-,2,2,2,2,10,8,4/15/2017 0:35:0,4/15/2017 11:20:0,4/16/2017 12:29:0,
220,BKK,-,4,4,3,1,41,10,4/19/2017 12:5:0,4/21/2017 6:0:0,4/22/2017 12:0:0,
221,KUL,-,4,4,3,1,40,11,4/22/2017 12:0:0,4/24/2017 4:45:0,4/25/2017 10:45:0,
222,KUL,-,4,4,3,1,40,11,4/27/2017 12:0:0,4/29/2017 4:45:0,4/30/2017 10:45:0,
223,-,-,2,2,2,2,10,2,4/3/2017 1:10:0,4/3/2017 12:5:0,4/4/2017 0:5:0,
224,DOH,-,4,2,1,1,37,10,4/6/2017 11:55:0,4/8/2017 0:55:0,4/9/2017 0:10:0,
225,BKK,-,4,4,3,1,41,10,4/11/2017 12:5:0,4/13/2017 6:0:0,4/14/2017 12:0:0,
226,-,-,4,2,2,2,12,10,4/16/2017 11:50:0,4/16/2017 23:55:0,4/19/2017 0:30:0,
227,RUH,-,4,2,1,1,37,11,4/21/2017 11:25:0,4/23/2017 1:15:0,4/24/2017 0:10:0,
228,-,-,3,2,2,2,5,3,4/25/2017 17:50:0,4/25/2017 23:20:0,4/27/2017 0:10:0,
229,SIN,-,4,4,3,1,42,11,4/27/2017 11:50:0,4/29/2017 6:5:0,4/30/2017 12:5:0,
230,-,-,1,2,2,2,10,8,4/6/2017 19:25:0,4/7/2017 6:5:0,4/7/2017 18:5:0,
231,-,-,2,2,2,2,9,7,4/8/2017 6:35:0,4/8/2017 16:5:0,4/9/2017 17:30:0,
232,-,-,4,2,2,2,12,10,4/10/2017 11:50:0,4/10/2017 23:55:0,4/13/2017 0:30:0,
233,-,-,2,2,2,2,10,8,4/15/2017 7:10:0,4/15/2017 17:20:0,4/16/2017 17:30:0,
234,-,-,3,2,2,2,5,3,4/16/2017 18:25:0,4/17/2017 0:0:0,4/18/2017 0:10:0,
235,-,-,2,2,2,2,11,8,4/18/2017 0:35:0,4/18/2017 12:20:0,4/19/2017 12:29:0,
236,-,-,3,2,2,2,5,3,4/19/2017 17:50:0,4/19/2017 23:20:0,4/21/2017 0:10:0,
237,-,-,2,2,2,2,8,7,4/21/2017 1:40:0,4/21/2017 10:35:0,4/21/2017 22:35:0,
238,KMG,-,5,2,1,1,61,11,4/24/2017 11:45:0,4/27/2017 0:45:0,4/28/2017 0:10:0,
239,-,-,2,2,2,2,10,7,4/28/2017 0:55:0,4/28/2017 10:55:0,4/28/2017 22:55:0,
240,-,-,3,2,2,2,7,5,4/6/2017 16:50:0,4/7/2017 0:35:0,4/8/2017 0:10:0,
241,-,-,2,2,2,2,10,8,4/8/2017 0:35:0,4/8/2017 11:20:0,4/9/2017 12:29:0,
242,-,-,3,2,2,2,11,9,4/9/2017 12:30:0,4/9/2017 23:55:0,4/11/2017 17:30:0,
243,PEK,-,5,2,1,1,65,15,4/12/2017 6:45:0,4/15/2017 0:40:0,4/16/2017 9:30:0,
244,-,-,4,2,2,2,13,11,4/16/2017 11:45:0,4/17/2017 1:0:0,4/19/2017 0:30:0,
245,-,-,2,2,2,2,12,10,4/20/2017 0:30:0,4/20/2017 12:30:0,4/21/2017 0:30:0,
246,DOH,-,4,4,3,1,41,13,4/21/2017 6:55:0,4/23/2017 0:50:0,4/24/2017 0:10:0,
247,PVG,-,4,2,1,1,42,15,4/26/2017 5:50:0,4/28/2017 0:35:0,4/29/2017 9:30:0,
248,-,-,3,2,2,2,5,3,4/30/2017 17:50:0,4/30/2017 23:20:0,5/2/2017 0:10:0,
249,-,-,3,2,2,2,10,8,4/5/2017 13:20:0,4/6/2017 0:5:0,4/7/2017 0:10:0,
250,RUH,-,4,2,1,1,37,11,4/11/2017 11:25:0,4/13/2017 1:15:0,4/14/2017 0:10:0,
251,DOH,-,4,4,3,1,41,13,4/14/2017 6:55:0,4/16/2017 0:50:0,4/17/2017 0:10:0,
252,-,-,2,2,2,2,10,8,4/17/2017 0:35:0,4/17/2017 11:20:0,4/18/2017 12:29:0,
253,RUH,-,4,2,1,1,37,11,4/19/2017 11:25:0,4/21/2017 1:15:0,4/22/2017 0:10:0,
254,-,-,2,2,2,2,10,7,4/24/2017 0:55:0,4/24/2017 10:55:0,4/24/2017 22:55:0,
255,-,-,2,2,2,2,11,8,4/25/2017 5:25:0,4/25/2017 16:25:0,4/26/2017 12:29:0,
256,BKK,-,4,4,3,1,41,10,4/28/2017 12:5:0,4/30/2017 6:0:0,5/1/2017 12:0:0,
257,RUH,-,4,2,1,1,37,11,4/5/2017 11:25:0,4/7/2017 1:15:0,4/8/2017 0:10:0,
258,RUH,-,4,2,1,1,37,11,4/8/2017 11:25:0,4/10/2017 1:15:0,4/11/2017 0:10:0,
259,BKK,-,4,4,3,1,41,10,4/12/2017 12:5:0,4/14/2017 6:0:0,4/15/2017 12:0:0,
260,LHR,-,6,2,1,1,49,23,4/17/2017 6:0:0,4/19/2017 7:40:0,4/22/2017 0:30:0,
261,-,-,2,2,2,2,10,7,4/22/2017 0:55:0,4/22/2017 10:55:0,4/22/2017 22:55:0,
262,-,-,3,2,2,2,5,3,4/23/2017 18:25:0,4/24/2017 0:0:0,4/25/2017 0:10:0,
263,-,-,2,2,2,2,10,8,4/25/2017 0:40:0,4/25/2017 11:20:0,4/26/2017 12:29:0,
264,-,-,4,2,2,2,12,10,4/27/2017 11:50:0,4/27/2017 23:55:0,4/30/2017 0:30:0,
265,-,-,2,2,2,2,9,7,4/30/2017 6:35:0,4/30/2017 16:5:0,5/1/2017 17:30:0,
266,-,-,3,2,2,2,5,3,4/3/2017 18:5:0,4/3/2017 23:50:0,4/5/2017 0:10:0,
267,BKK,-,5,4,2,1,66,13,4/9/2017 0:20:0,4/11/2017 18:40:0,4/13/2017 0:40:0,
268,-,-,4,2,2,2,12,10,4/17/2017 11:55:0,4/18/2017 0:0:0,4/20/2017 0:30:0,
269,KWI,-,4,2,1,1,37,11,4/20/2017 11:25:0,4/22/2017 1:15:0,4/23/2017 0:10:0,
270,JED,-,4,2,1,1,39,13,4/23/2017 7:55:0,4/24/2017 23:15:0,4/26/2017 0:10:0,
271,SIN,-,4,4,3,1,42,11,4/28/2017 11:45:0,4/30/2017 6:5:0,5/1/2017 12:5:0,
272,PEK,-,4,2,1,1,42,16,4/7/2017 6:30:0,4/9/2017 0:40:0,4/10/2017 9:30:0,
273,-,-,4,2,2,2,12,10,4/15/2017 11:50:0,4/15/2017 23:55:0,4/18/2017 0:30:0,
274,-,-,1,2,2,2,11,9,4/18/2017 19:15:0,4/19/2017 6:20:0,4/19/2017 18:20:0,
275,-,-,2,2,2,2,10,8,4/20/2017 7:10:0,4/20/2017 17:20:0,4/21/2017 17:30:0,
276,RUH,-,4,2,1,1,37,11,4/23/2017 11:25:0,4/25/2017 1:15:0,4/26/2017 0:10:0,
277,BKK,-,5,4,2,1,66,13,4/26/2017 0:20:0,4/28/2017 18:40:0,4/30/2017 0:40:0,
278,JED,-,4,2,1,1,39,13,4/8/2017 7:55:0,4/9/2017 23:15:0,4/11/2017 0:10:0,
279,-,-,3,2,2,2,11,9,4/11/2017 12:30:0,4/11/2017 23:55:0,4/13/2017 17:30:0,
280,-,-,2,2,2,2,10,7,4/15/2017 0:55:0,4/15/2017 10:55:0,4/15/2017 22:55:0,
281,KWI,-,4,2,1,1,37,11,4/16/2017 11:25:0,4/18/2017 1:15:0,4/19/2017 0:10:0,
282,-,-,2,2,2,2,11,8,4/19/2017 0:40:0,4/19/2017 12:20:0,4/20/2017 12:29:0,
283,BKK,-,5,4,2,1,66,13,4/23/2017 0:20:0,4/25/2017 18:40:0,4/27/2017 0:40:0,
284,-,-,3,2,2,2,5,3,4/5/2017 18:5:0,4/5/2017 23:50:0,4/7/2017 0:10:0,
285,RUH,-,4,2,1,1,37,12,4/7/2017 11:25:0,4/9/2017 1:15:0,4/10/2017 0:10:0,
286,-,-,4,2,2,2,12,10,4/10/2017 11:55:0,4/11/2017 0:0:0,4/13/2017 0:30:0,
287,KUL,-,4,4,3,1,40,11,4/15/2017 12:0:0,4/17/2017 4:45:0,4/18/2017 10:45:0,
288,-,-,4,2,2,2,12,10,4/19/2017 11:55:0,4/20/2017 0:0:0,4/22/2017 0:30:0,
289,SIN,-,4,4,3,1,42,11,4/22/2017 11:50:0,4/24/2017 6:5:0,4/25/2017 12:5:0,
290,-,-,3,2,2,2,5,3,4/28/2017 17:50:0,4/28/2017 23:20:0,4/30/2017 0:10:0,
291,JED,-,4,2,1,1,39,13,4/4/2017 9:35:0,4/6/2017 1:10:0,4/7/2017 0:10:0,
292,LHR,-,6,2,1,1,49,23,4/8/2017 6:0:0,4/10/2017 7:40:0,4/13/2017 0:30:0,
293,-,-,2,2,2,2,9,7,4/13/2017 6:35:0,4/13/2017 16:5:0,4/14/2017 17:30:0,
294,SIN,-,4,4,3,1,42,11,4/15/2017 11:50:0,4/17/2017 6:5:0,4/18/2017 12:5:0,
295,-,-,3,2,2,2,5,3,4/18/2017 17:50:0,4/18/2017 23:20:0,4/20/2017 0:10:0,
296,-,-,4,2,2,2,12,10,4/20/2017 11:55:0,4/21/2017 0:0:0,4/23/2017 0:30:0,
297,-,-,2,2,2,2,10,8,4/23/2017 5:30:0,4/23/2017 16:25:0,4/24/2017 12:29:0,
298,KMG,-,5,2,1,1,61,11,4/26/2017 11:45:0,4/29/2017 0:45:0,4/30/2017 0:10:0,
299,-,-,4,2,2,2,12,10,4/3/2017 11:35:0,4/4/2017 0:0:0,4/6/2017 0:30:0,
300,KWI,-,4,2,1,1,37,11,4/7/2017 11:25:0,4/9/2017 1:15:0,4/10/2017 0:10:0,
301,SIN,-,4,4,3,1,42,11,4/10/2017 11:45:0,4/12/2017 6:5:0,4/13/2017 12:5:0,
302,-,-,3,2,2,2,5,3,4/15/2017 17:50:0,4/15/2017 23:20:0,4/17/2017 0:10:0,
303,-,-,2,2,2,2,12,10,4/17/2017 0:30:0,4/17/2017 12:30:0,4/18/2017 0:30:0,
304,-,-,2,2,2,2,9,7,4/19/2017 6:35:0,4/19/2017 16:5:0,4/20/2017 17:30:0,
305,LHR,-,6,2,1,1,49,23,4/21/2017 6:0:0,4/23/2017 7:40:0,4/26/2017 0:30:0,
306,-,-,3,2,2,2,11,9,4/26/2017 12:30:0,4/26/2017 23:55:0,4/28/2017 17:30:0,
307,BKK,-,4,4,3,1,42,10,4/5/2017 11:50:0,4/7/2017 6:0:0,4/8/2017 12:0:0,
308,-,-,3,2,2,2,7,5,4/8/2017 16:55:0,4/9/2017 0:35:0,4/10/2017 0:10:0,
309,-,-,1,2,2,2,11,9,4/11/2017 19:15:0,4/12/2017 6:20:0,4/12/2017 18:20:0,
310,-,-,2,2,2,2,10,8,4/13/2017 0:40:0,4/13/2017 11:20:0,4/14/2017 12:29:0,
311,NRT,-,6,2,1,1,47,19,4/14/2017 12:55:0,4/16/2017 12:45:0,4/19/2017 0:30:0,
312,KUL,-,4,4,3,1,40,11,4/21/2017 12:0:0,4/23/2017 4:45:0,4/24/2017 10:45:0,
313,DOH,-,4,2,1,1,36,10,4/25/2017 12:0:0,4/27/2017 0:50:0,4/28/2017 0:10:0,
314,-,-,2,2,2,2,10,7,4/29/2017 0:55:0,4/29/2017 10:55:0,4/29/2017 22:55:0,
315,-,-,4,2,2,2,12,10,4/30/2017 11:55:0,5/1/2017 0:0:0,5/3/2017 0:30:0,
316,NRT,-,6,2,1,1,48,19,4/7/2017 12:25:0,4/9/2017 12:45:0,4/12/2017 0:30:0,
317,-,-,2,2,2,2,10,8,4/13/2017 7:10:0,4/13/2017 17:20:0,4/14/2017 17:30:0,
318,-,-,3,2,2,2,5,3,4/14/2017 18:25:0,4/15/2017 0:0:0,4/16/2017 0:10:0,
319,RUH,-,4,2,1,1,37,11,4/17/2017 11:25:0,4/19/2017 1:15:0,4/20/2017 0:10:0,
320,-,-,2,2,2,2,10,8,4/21/2017 7:10:0,4/21/2017 17:20:0,4/22/2017 17:30:0,
321,-,-,4,2,2,2,12,10,4/23/2017 11:50:0,4/23/2017 23:55:0,4/26/2017 0:30:0,
322,-,-,3,2,2,2,5,3,4/28/2017 18:25:0,4/29/2017 0:0:0,4/30/2017 0:10:0,
323,JED,-,4,2,1,1,39,13,4/3/2017 9:35:0,4/5/2017 1:10:0,4/6/2017 0:10:0,
324,KMG,-,6,2,1,1,85,11,4/7/2017 11:45:0,4/11/2017 0:45:0,4/12/2017 0:10:0,
325,-,-,2,2,2,2,11,8,4/13/2017 5:25:0,4/13/2017 16:25:0,4/14/2017 12:29:0,
326,-,-,2,2,2,2,10,7,4/16/2017 0:55:0,4/16/2017 10:55:0,4/16/2017 22:55:0,
327,KUL,-,4,4,3,1,40,11,4/17/2017 12:0:0,4/19/2017 4:45:0,4/20/2017 10:45:0,
328,-,-,3,2,2,2,5,3,4/20/2017 17:50:0,4/20/2017 23:20:0,4/22/2017 0:10:0,
329,-,-,2,2,2,2,10,8,4/22/2017 0:35:0,4/22/2017 11:20:0,4/23/2017 12:29:0,
330,-,-,4,2,2,2,12,10,4/25/2017 11:50:0,4/25/2017 23:55:0,4/28/2017 0:30:0,
331,-,-,2,2,2,2,9,7,4/28/2017 6:35:0,4/28/2017 16:5:0,4/29/2017 17:30:0,
332,BKK,-,5,4,2,1,66,13,4/7/2017 0:20:0,4/9/2017 18:40:0,4/11/2017 0:40:0,
333,-,-,3,2,2,2,5,3,4/12/2017 17:50:0,4/12/2017 23:20:0,4/14/2017 0:10:0,
334,-,-,1,2,2,2,11,9,4/16/2017 19:15:0,4/17/2017 6:20:0,4/17/2017 18:20:0,
335,-,-,2,2,2,2,11,8,4/18/2017 5:25:0,4/18/2017 16:25:0,4/19/2017 12:29:0,
336,NRT,-,7,2,1,1,71,19,4/19/2017 12:55:0,4/22/2017 12:45:0,4/25/2017 0:30:0,
337,KWI,-,4,2,1,1,37,11,4/25/2017 11:25:0,4/27/2017 1:15:0,4/28/2017 0:10:0,
338,-,-,2,2,2,2,10,8,4/28/2017 7:10:0,4/28/2017 17:20:0,4/29/2017 17:30:0,
339,KUL,-,4,4,3,1,38,11,4/3/2017 12:0:0,4/5/2017 2:45:0,4/6/2017 8:45:0,
340,-,-,2,2,2,2,10,8,4/8/2017 0:40:0,4/8/2017 11:20:0,4/9/2017 12:29:0,
341,NRT,-,8,2,1,1,95,19,4/9/2017 12:55:0,4/13/2017 12:45:0,4/16/2017 0:30:0,
342,-,-,2,2,2,2,9,7,4/16/2017 6:35:0,4/16/2017 16:5:0,4/17/2017 17:30:0,
343,JED,-,4,2,1,1,40,13,4/19/2017 7:10:0,4/20/2017 23:15:0,4/22/2017 0:10:0,
344,-,-,2,2,2,2,11,8,4/22/2017 5:25:0,4/22/2017 16:25:0,4/23/2017 12:29:0,
345,-,-,3,2,2,2,11,9,4/24/2017 12:30:0,4/24/2017 23:55:0,4/26/2017 17:30:0,
346,-,-,2,2,2,2,9,7,4/27/2017 6:35:0,4/27/2017 16:5:0,4/28/2017 17:30:0,
347,-,-,2,2,2,2,11,8,4/29/2017 5:25:0,4/29/2017 16:25:0,4/30/2017 12:29:0,
348,PEK,-,5,2,1,1,65,15,4/8/2017 6:45:0,4/11/2017 0:40:0,4/12/2017 9:30:0,
349,-,-,3,2,2,2,7,5,4/12/2017 16:55:0,4/13/2017 0:35:0,4/14/2017 0:10:0,
350,-,-,2,2,2,2,11,9,4/14/2017 0:40:0,4/14/2017 12:30:0,4/15/2017 0:30:0,
351,JED,-,4,2,1,1,39,13,4/18/2017 7:55:0,4/19/2017 23:15:0,4/21/2017 0:10:0,
352,-,-,4,2,2,2,12,10,4/21/2017 11:55:0,4/22/2017 0:0:0,4/24/2017 0:30:0,
353,BKK,-,4,4,3,1,41,10,4/25/2017 12:5:0,4/27/2017 6:0:0,4/28/2017 12:0:0,
354,NRT,-,6,2,1,1,47,19,4/28/2017 12:55:0,4/30/2017 12:45:0,5/3/2017 0:30:0,
355,KUL,-,4,4,3,1,38,11,4/4/2017 12:0:0,4/6/2017 2:45:0,4/7/2017 8:45:0,
356,-,-,4,2,2,2,12,10,4/8/2017 11:55:0,4/9/2017 0:0:0,4/11/2017 0:30:0,
357,-,-,4,2,2,2,13,11,4/11/2017 11:45:0,4/12/2017 1:0:0,4/14/2017 0:30:0,
358,LHR,-,6,2,1,1,49,23,4/16/2017 6:0:0,4/18/2017 7:40:0,4/21/2017 0:30:0,
359,-,-,3,2,2,2,7,5,4/21/2017 16:55:0,4/22/2017 0:35:0,4/23/2017 0:10:0,
360,BKK,-,4,4,3,1,41,10,4/23/2017 12:5:0,4/25/2017 6:0:0,4/26/2017 12:0:0,
361,JED,-,5,2,1,1,63,13,4/27/2017 7:55:0,4/29/2017 23:25:0,5/1/2017 0:10:0,
362,LHR,-,4,3,2,1,59,24,4/3/2017 0:50:0,4/5/2017 12:20:0,4/6/2017 4:0:0,
363,KUL,-,4,4,3,1,40,11,4/8/2017 12:0:0,4/10/2017 4:45:0,4/11/2017 10:45:0,
364,-,-,3,2,2,2,5,3,4/11/2017 17:50:0,4/11/2017 23:20:0,4/13/2017 0:10:0,
365,-,-,4,2,2,2,13,11,4/15/2017 11:45:0,4/16/2017 1:0:0,4/18/2017 0:30:0,
366,JED,-,5,2,1,1,63,13,4/20/2017 7:55:0,4/22/2017 23:25:0,4/24/2017 0:10:0,
367,-,-,2,2,2,2,10,8,4/24/2017 7:10:0,4/24/2017 17:20:0,4/25/2017 17:30:0,
368,KUL,-,4,4,3,1,40,11,4/26/2017 12:0:0,4/28/2017 4:45:0,4/29/2017 10:45:0,
369,-,-,3,2,2,2,5,3,4/29/2017 17:50:0,4/29/2017 23:20:0,5/1/2017 0:10:0,
370,KUL,-,4,4,3,1,41,11,4/5/2017 12:0:0,4/7/2017 5:25:0,4/8/2017 11:25:0,
371,SIN,-,4,4,3,1,42,11,4/14/2017 11:45:0,4/16/2017 6:5:0,4/17/2017 12:5:0,
372,LHR,-,6,2,1,1,49,23,4/18/2017 6:0:0,4/20/2017 7:40:0,4/23/2017 0:30:0,
373,-,-,2,2,2,2,11,8,4/24/2017 5:25:0,4/24/2017 16:25:0,4/25/2017 12:29:0,
374,-,-,3,2,2,2,7,5,4/25/2017 16:55:0,4/26/2017 0:35:0,4/27/2017 0:10:0,
375,-,-,2,2,2,2,10,7,4/27/2017 0:55:0,4/27/2017 10:55:0,4/27/2017 22:55:0,
376,DOH,-,4,4,3,1,41,13,4/28/2017 6:55:0,4/30/2017 0:50:0,5/1/2017 0:10:0,
377,KUL,-,4,4,3,1,40,11,4/7/2017 12:0:0,4/9/2017 4:45:0,4/10/2017 10:45:0,
378,KWI,-,4,2,1,1,37,11,4/11/2017 11:25:0,4/13/2017 1:15:0,4/14/2017 0:10:0,
379,-,-,4,2,2,2,12,10,4/14/2017 11:50:0,4/14/2017 23:55:0,4/17/2017 0:30:0,
380,KWI,-,4,2,1,1,37,11,4/18/2017 11:25:0,4/20/2017 1:15:0,4/21/2017 0:10:0,
381,BKK,-,5,4,2,1,65,14,4/22/2017 0:30:0,4/24/2017 17:55:0,4/25/2017 23:55:0,
382,-,-,2,2,2,2,10,8,4/26/2017 7:10:0,4/26/2017 17:20:0,4/27/2017 17:30:0,
383,-,-,4,2,2,2,12,10,4/28/2017 11:50:0,4/28/2017 23:55:0,5/1/2017 0:30:0,
384,BKK,-,4,4,3,1,42,10,4/6/2017 11:50:0,4/8/2017 6:0:0,4/9/2017 12:0:0,
385,-,-,1,2,2,2,11,9,4/9/2017 19:15:0,4/10/2017 6:20:0,4/10/2017 18:20:0,
386,-,-,2,2,2,2,10,7,4/11/2017 0:55:0,4/11/2017 10:55:0,4/11/2017 22:55:0,
387,-,-,2,2,2,2,10,8,4/12/2017 5:30:0,4/12/2017 16:25:0,4/13/2017 12:29:0,
388,-,-,2,2,2,2,10,8,4/16/2017 5:30:0,4/16/2017 16:25:0,4/17/2017 12:29:0,
389,-,-,3,2,2,2,10,8,4/18/2017 13:20:0,4/19/2017 0:5:0,4/20/2017 0:10:0,
390,PVG,-,6,2,1,1,90,15,4/21/2017 5:50:0,4/25/2017 0:35:0,4/26/2017 9:30:0,
391,PEK,-,4,2,1,1,42,15,4/28/2017 5:55:0,4/30/2017 0:40:0,5/1/2017 9:30:0,
392,LHR,-,6,2,1,1,54,23,4/5/2017 0:50:0,4/7/2017 7:45:0,4/10/2017 0:30:0,
393,BKK,-,4,4,3,1,41,10,4/10/2017 12:5:0,4/12/2017 6:0:0,4/13/2017 12:0:0,
394,JED,-,4,2,1,1,39,13,4/15/2017 7:55:0,4/16/2017 23:15:0,4/18/2017 0:10:0,
395,-,-,4,2,2,2,13,11,4/22/2017 11:45:0,4/23/2017 1:0:0,4/25/2017 0:30:0,
396,NRT,-,7,2,1,1,71,19,4/26/2017 12:55:0,4/29/2017 12:45:0,5/2/2017 0:30:0,
397,KWI,-,4,2,1,1,37,11,4/5/2017 11:25:0,4/7/2017 1:15:0,4/8/2017 0:10:0,
398,JED,-,4,2,1,1,39,13,4/10/2017 7:55:0,4/11/2017 23:15:0,4/13/2017 0:10:0,
399,-,-,2,2,2,2,10,7,4/13/2017 0:55:0,4/13/2017 10:55:0,4/13/2017 22:55:0,
400,BKK,-,5,4,2,1,65,14,4/15/2017 0:30:0,4/17/2017 17:55:0,4/18/2017 23:55:0,
401,-,-,2,2,2,2,10,7,4/21/2017 0:55:0,4/21/2017 10:55:0,4/21/2017 22:55:0,
402,-,-,2,2,2,2,10,8,4/22/2017 7:10:0,4/22/2017 17:20:0,4/23/2017 17:30:0,
403,RUH,-,4,2,1,1,37,11,4/25/2017 11:25:0,4/27/2017 1:15:0,4/28/2017 0:10:0,
404,-,-,2,2,2,2,11,9,4/28/2017 0:40:0,4/28/2017 12:30:0,4/29/2017 0:30:0,
405,-,-,4,2,2,2,12,10,4/30/2017 11:50:0,4/30/2017 23:55:0,5/3/2017 0:30:0,
406,-,-,3,2,2,2,5,3,4/4/2017 18:5:0,4/4/2017 23:50:0,4/6/2017 0:10:0,
407,SIN,-,4,4,3,1,42,11,4/9/2017 11:45:0,4/11/2017 6:5:0,4/12/2017 12:5:0,
408,-,-,2,2,2,2,9,7,4/14/2017 6:35:0,4/14/2017 16:5:0,4/15/2017 17:30:0,
409,BKK,-,5,4,2,1,66,13,4/16/2017 0:20:0,4/18/2017 18:40:0,4/20/2017 0:40:0,
410,KMG,-,6,2,1,1,85,11,4/21/2017 11:45:0,4/25/2017 0:45:0,4/26/2017 0:10:0,
411,KWI,-,4,2,1,1,37,11,4/28/2017 11:25:0,4/30/2017 1:15:0,5/1/2017 0:10:0,
412,-,-,2,2,2,2,11,8,4/3/2017 0:35:0,4/3/2017 11:40:0,4/4/2017 12:29:0,
413,PVG,-,4,4,3,1,48,15,4/5/2017 0:45:0,4/7/2017 0:55:0,4/8/2017 9:30:0,
414,-,-,3,2,2,2,11,9,4/8/2017 12:30:0,4/8/2017 23:55:0,4/10/2017 17:30:0,
415,KUL,-,4,4,3,1,40,11,4/13/2017 12:0:0,4/15/2017 4:45:0,4/16/2017 10:45:0,
416,KUL,-,4,4,3,1,40,11,4/16/2017 12:0:0,4/18/2017 4:45:0,4/19/2017 10:45:0,
417,LHR,-,6,2,1,1,49,23,4/20/2017 6:0:0,4/22/2017 7:40:0,4/25/2017 0:30:0,
418,-,-,2,2,2,2,12,10,4/25/2017 0:30:0,4/25/2017 12:30:0,4/26/2017 0:30:0,
419,-,-,4,2,2,2,12,10,4/26/2017 11:50:0,4/26/2017 23:55:0,4/29/2017 0:30:0,
420,-,-,2,2,2,2,10,8,4/29/2017 0:40:0,4/29/2017 11:20:0,4/30/2017 12:29:0,
421,BKK,-,5,4,2,1,66,13,4/5/2017 0:20:0,4/7/2017 18:40:0,4/9/2017 0:40:0,
422,-,-,2,2,2,2,11,9,4/9/2017 0:40:0,4/9/2017 12:30:0,4/10/2017 0:30:0,
423,DOH,-,4,4,3,1,41,13,4/12/2017 6:55:0,4/14/2017 0:50:0,4/15/2017 0:10:0,
424,-,-,4,2,2,2,12,10,4/15/2017 11:55:0,4/16/2017 0:0:0,4/18/2017 0:30:0,
425,-,-,2,2,2,2,10,8,4/18/2017 7:10:0,4/18/2017 17:20:0,4/19/2017 17:30:0,
426,-,-,4,2,2,2,13,11,4/20/2017 11:45:0,4/21/2017 1:0:0,4/23/2017 0:30:0,
427,-,-,2,2,2,2,11,9,4/24/2017 0:40:0,4/24/2017 12:30:0,4/25/2017 0:30:0,
428,SIN,-,4,4,3,1,42,11,4/25/2017 11:45:0,4/27/2017 6:5:0,4/28/2017 12:5:0,
429,JED,-,4,2,1,1,39,13,4/29/2017 7:55:0,4/30/2017 23:15:0,5/2/2017 0:10:0,
430,KMG,-,5,2,1,1,61,11,4/3/2017 11:45:0,4/6/2017 0:45:0,4/7/2017 0:10:0,
431,-,-,2,2,2,2,10,8,4/7/2017 0:35:0,4/7/2017 11:30:0,4/8/2017 12:29:0,
432,JED,-,4,2,1,1,39,13,4/9/2017 7:55:0,4/10/2017 23:15:0,4/12/2017 0:10:0,
433,PVG,-,4,2,1,1,42,15,4/12/2017 5:50:0,4/14/2017 0:35:0,4/15/2017 9:30:0,
434,-,-,2,2,2,2,11,9,4/17/2017 0:40:0,4/17/2017 12:30:0,4/18/2017 0:30:0,
435,RUH,-,4,2,1,1,37,11,4/18/2017 11:25:0,4/20/2017 1:15:0,4/21/2017 0:10:0,
436,-,-,1,2,2,2,11,9,4/23/2017 19:15:0,4/24/2017 6:20:0,4/24/2017 18:20:0,
437,-,-,2,2,2,2,10,8,4/28/2017 0:35:0,4/28/2017 11:20:0,4/29/2017 12:29:0,
438,-,-,2,2,2,2,12,10,4/30/2017 0:30:0,4/30/2017 12:30:0,5/1/2017 0:30:0,
439,JED,-,5,2,1,1,61,13,4/6/2017 9:35:0,4/8/2017 23:25:0,4/10/2017 0:10:0,
440,-,-,2,2,2,2,10,7,4/10/2017 0:55:0,4/10/2017 10:55:0,4/10/2017 22:55:0,
441,PEK,-,4,2,1,1,42,15,4/14/2017 5:55:0,4/16/2017 0:40:0,4/17/2017 9:30:0,
442,BKK,-,4,4,3,1,41,10,4/17/2017 12:5:0,4/19/2017 6:0:0,4/20/2017 12:0:0,
443,KUL,-,4,4,3,1,40,11,4/23/2017 12:0:0,4/25/2017 4:45:0,4/26/2017 10:45:0,
444,-,-,4,2,2,2,13,11,4/27/2017 11:45:0,4/28/2017 1:0:0,4/30/2017 0:30:0,
445,-,-,3,2,2,2,5,3,4/30/2017 18:25:0,5/1/2017 0:0:0,5/2/2017 0:10:0,
446,BKK,-,5,4,2,1,65,14,4/6/2017 0:30:0,4/8/2017 17:55:0,4/9/2017 23:55:0,
447,KMG,-,5,2,1,1,61,11,4/10/2017 11:45:0,4/13/2017 0:45:0,4/14/2017 0:10:0,
448,RUH,-,4,2,1,1,37,11,4/16/2017 11:25:0,4/18/2017 1:15:0,4/19/2017 0:10:0,
449,NRT,-,6,2,1,1,47,19,4/21/2017 12:55:0,4/23/2017 12:45:0,4/26/2017 0:30:0,
450,-,-,2,2,2,2,10,8,4/26/2017 5:30:0,4/26/2017 16:25:0,4/27/2017 12:29:0,
451,-,-,3,2,2,2,5,3,4/27/2017 17:50:0,4/27/2017 23:20:0,4/29/2017 0:10:0,
452,KWI,-,4,2,1,1,37,11,4/3/2017 11:25:0,4/5/2017 1:15:0,4/6/2017 0:10:0,
453,-,-,2,2,2,2,10,8,4/7/2017 7:20:0,4/7/2017 17:20:0,4/8/2017 17:30:0,
454,BKK,-,5,4,2,1,66,14,4/10/2017 0:30:0,4/12/2017 18:40:0,4/14/2017 0:40:0,
455,KUL,-,4,4,3,1,40,11,4/14/2017 12:0:0,4/16/2017 4:45:0,4/17/2017 10:45:0,
456,SIN,-,4,4,3,1,42,11,4/18/2017 11:45:0,4/20/2017 6:5:0,4/21/2017 12:5:0,
457,-,-,2,2,2,2,10,7,4/23/2017 0:55:0,4/23/2017 10:55:0,4/23/2017 22:55:0,
458,-,-,4,2,2,2,12,10,4/24/2017 11:55:0,4/25/2017 0:0:0,4/27/2017 0:30:0,
459,-,-,2,2,2,2,11,8,4/27/2017 0:35:0,4/27/2017 12:20:0,4/28/2017 12:29:0,
460,-,-,2,2,2,2,11,9,4/29/2017 1:15:0,4/29/2017 12:20:0,4/30/2017 0:20:0,
461,DOH,-,4,2,1,1,37,10,4/3/2017 11:55:0,4/5/2017 0:55:0,4/6/2017 0:10:0,
462,SIN,-,4,4,3,1,42,11,4/6/2017 12:5:0,4/8/2017 6:5:0,4/9/2017 12:5:0,
463,DOH,-,4,4,3,1,41,13,4/10/2017 6:55:0,4/12/2017 0:50:0,4/13/2017 0:10:0,
464,-,-,2,2,2,2,11,9,4/13/2017 1:15:0,4/13/2017 12:20:0,4/14/2017 0:20:0,
465,-,-,2,2,2,2,11,9,4/16/2017 0:40:0,4/16/2017 12:30:0,4/17/2017 0:30:0,
466,-,-,4,2,2,2,12,10,4/17/2017 11:50:0,4/17/2017 23:55:0,4/20/2017 0:30:0,
467,BKK,-,5,4,2,1,65,14,4/20/2017 0:30:0,4/22/2017 17:55:0,4/23/2017 23:55:0,
468,-,-,2,2,2,2,10,7,4/25/2017 0:55:0,4/25/2017 10:55:0,4/25/2017 22:55:0,
469,-,-,3,2,2,2,11,9,4/27/2017 12:30:0,4/27/2017 23:55:0,4/29/2017 17:30:0,
470,-,-,4,2,2,2,12,10,4/5/2017 11:50:0,4/5/2017 23:55:0,4/8/2017 0:30:0,
471,-,-,3,2,2,2,5,3,4/9/2017 17:50:0,4/9/2017 23:20:0,4/11/2017 0:10:0,
472,SIN,-,4,4,3,1,42,11,4/11/2017 11:45:0,4/13/2017 6:5:0,4/14/2017 12:5:0,
473,NRT,-,8,2,1,1,95,19,4/16/2017 12:55:0,4/20/2017 12:45:0,4/23/2017 0:30:0,
474,-,-,2,2,2,2,11,9,4/23/2017 0:40:0,4/23/2017 12:30:0,4/24/2017 0:30:0,
475,SIN,-,4,4,3,1,42,11,4/24/2017 11:45:0,4/26/2017 6:5:0,4/27/2017 12:5:0,
476,LHR,-,6,2,1,1,49,23,4/28/2017 6:0:0,4/30/2017 7:40:0,5/3/2017 0:30:0,
477,DOH,-,4,2,1,1,36,10,4/11/2017 12:0:0,4/13/2017 0:50:0,4/14/2017 0:10:0,
478,-,-,2,2,2,2,12,10,4/14/2017 0:30:0,4/14/2017 12:30:0,4/15/2017 0:30:0,
479,PEK,-,5,2,1,1,66,15,4/17/2017 5:55:0,4/20/2017 0:40:0,4/21/2017 9:30:0,
480,PEK,-,5,4,3,1,71,16,4/3/2017 0:35:0,4/6/2017 0:15:0,4/7/2017 9:30:0,
481,-,-,4,2,2,2,12,10,4/9/2017 11:55:0,4/10/2017 0:0:0,4/12/2017 0:30:0,
482,KMG,-,5,2,1,1,61,11,4/12/2017 11:45:0,4/15/2017 0:45:0,4/16/2017 0:10:0,
483,-,-,2,2,2,2,10,8,4/16/2017 7:10:0,4/16/2017 17:20:0,4/17/2017 17:30:0,
484,LHR,-,6,2,1,1,49,23,4/19/2017 6:0:0,4/21/2017 7:40:0,4/24/2017 0:30:0,
485,JED,-,4,2,1,1,39,13,4/24/2017 7:55:0,4/25/2017 23:15:0,4/27/2017 0:10:0,
486,-,-,3,2,2,2,7,5,4/27/2017 16:55:0,4/28/2017 0:35:0,4/29/2017 0:10:0,
487,-,-,2,2,2,2,9,7,4/29/2017 6:35:0,4/29/2017 16:5:0,4/30/2017 17:30:0,
488,BKK,-,5,4,2,1,65,14,4/4/2017 0:20:0,4/6/2017 17:55:0,4/7/2017 23:55:0,
489,-,-,2,2,2,2,11,8,4/10/2017 5:25:0,4/10/2017 16:25:0,4/11/2017 12:29:0,
490,RUH,-,4,2,1,1,37,11,4/13/2017 11:25:0,4/15/2017 1:15:0,4/16/2017 0:10:0,
491,-,-,2,2,2,2,10,8,4/16/2017 0:40:0,4/16/2017 11:20:0,4/17/2017 12:29:0,
492,KMG,-,5,2,1,1,61,11,4/19/2017 11:45:0,4/22/2017 0:45:0,4/23/2017 0:10:0,
493,-,-,2,2,2,2,10,8,4/23/2017 0:40:0,4/23/2017 11:20:0,4/24/2017 12:29:0,
494,KUL,-,4,4,3,1,40,11,4/28/2017 12:0:0,4/30/2017 4:45:0,5/1/2017 10:45:0,
495,PEK,-,5,4,3,1,72,16,4/5/2017 0:35:0,4/8/2017 0:50:0,4/9/2017 9:30:0,
496,BKK,-,4,4,3,1,41,10,4/9/2017 12:5:0,4/11/2017 6:0:0,4/12/2017 12:0:0,
497,-,-,2,2,2,2,10,8,4/14/2017 0:35:0,4/14/2017 11:20:0,4/15/2017 12:29:0,
498,-,-,3,2,2,2,11,9,4/15/2017 12:30:0,4/15/2017 23:55:0,4/17/2017 17:30:0,
499,KUL,-,4,4,3,1,40,11,4/18/2017 12:0:0,4/20/2017 4:45:0,4/21/2017 10:45:0,
500,-,-,2,2,2,2,12,10,4/22/2017 0:30:0,4/22/2017 12:30:0,4/23/2017 0:30:0,
501,LHR,-,6,2,1,1,49,23,4/23/2017 6:0:0,4/25/2017 7:40:0,4/28/2017 0:30:0,
502,-,-,4,2,2,2,12,10,4/29/2017 11:55:0,4/30/2017 0:0:0,5/2/2017 0:30:0,
503,KUL,-,4,4,3,1,40,11,4/6/2017 12:0:0,4/8/2017 4:45:0,4/9/2017 10:45:0,
504,-,-,2,2,2,2,11,8,4/11/2017 5:25:0,4/11/2017 16:25:0,4/12/2017 12:29:0,
505,-,-,3,2,2,2,5,3,4/12/2017 17:50:0,4/12/2017 23:20:0,4/14/2017 0:10:0,
506,LHR,-,6,2,1,1,49,23,4/15/2017 6:0:0,4/17/2017 7:40:0,4/20/2017 0:30:0,
507,BKK,-,4,4,3,1,41,10,4/20/2017 12:5:0,4/22/2017 6:0:0,4/23/2017 12:0:0,
508,-,-,3,2,2,2,10,8,4/23/2017 13:20:0,4/24/2017 0:5:0,4/25/2017 0:10:0,
509,-,-,4,2,2,2,12,10,4/26/2017 11:55:0,4/27/2017 0:0:0,4/29/2017 0:30:0,
510,-,-,3,2,2,2,7,5,4/3/2017 16:50:0,4/4/2017 0:35:0,4/5/2017 0:10:0,
511,-,-,2,2,2,2,11,8,4/5/2017 1:0:0,4/5/2017 12:20:0,4/6/2017 17:30:0,
512,PVG,-,5,2,1,1,65,15,4/10/2017 6:40:0,4/13/2017 0:35:0,4/14/2017 9:30:0,
513,-,-,3,2,2,2,11,9,4/14/2017 12:30:0,4/14/2017 23:55:0,4/16/2017 17:30:0,
514,SIN,-,4,4,3,1,42,11,4/17/2017 11:45:0,4/19/2017 6:5:0,4/20/2017 12:5:0,
515,BKK,-,4,4,3,1,41,10,4/22/2017 12:5:0,4/24/2017 6:0:0,4/25/2017 12:0:0,
516,-,-,1,2,2,2,11,9,4/25/2017 19:15:0,4/26/2017 6:20:0,4/26/2017 18:20:0,
517,-,-,2,2,2,2,11,8,4/27/2017 5:25:0,4/27/2017 16:25:0,4/28/2017 12:29:0,
518,PVG,-,5,4,3,1,72,15,4/3/2017 0:45:0,4/6/2017 0:55:0,4/7/2017 9:30:0,
519,DOH,-,4,2,1,1,36,10,4/8/2017 12:0:0,4/10/2017 0:50:0,4/11/2017 0:10:0,
520,BKK,-,5,4,2,1,65,14,4/11/2017 0:20:0,4/13/2017 17:55:0,4/14/2017 23:55:0,
521,JED,-,4,2,1,1,39,13,4/16/2017 7:55:0,4/17/2017 23:15:0,4/19/2017 0:10:0,
522,-,-,2,2,2,2,12,10,4/19/2017 0:30:0,4/19/2017 12:30:0,4/20/2017 0:30:0,
523,-,-,2,2,2,2,11,9,4/22/2017 1:15:0,4/22/2017 12:20:0,4/23/2017 0:20:0,
524,-,-,4,2,2,2,12,10,4/23/2017 11:55:0,4/24/2017 0:0:0,4/26/2017 0:30:0,
525,-,-,2,2,2,2,8,7,4/28/2017 1:40:0,4/28/2017 10:35:0,4/28/2017 22:35:0,
526,-,-,4,2,2,2,12,10,4/29/2017 11:50:0,4/29/2017 23:55:0,5/2/2017 0:30:0,
527,JED,-,4,2,1,1,39,13,4/5/2017 9:35:0,4/7/2017 1:10:0,4/8/2017 0:10:0,
528,KUL,-,4,4,3,1,40,11,4/9/2017 12:0:0,4/11/2017 4:45:0,4/12/2017 10:45:0,
529,LHR,-,6,2,1,1,49,23,4/14/2017 6:0:0,4/16/2017 7:40:0,4/19/2017 0:30:0,
530,-,-,2,2,2,2,9,7,4/20/2017 6:35:0,4/20/2017 16:5:0,4/21/2017 17:30:0,
531,-,-,4,2,2,2,12,10,4/22/2017 11:50:0,4/22/2017 23:55:0,4/25/2017 0:30:0,
532,-,-,2,2,2,2,11,9,4/27/2017 1:15:0,4/27/2017 12:20:0,4/28/2017 0:20:0,
533,-,-,2,2,2,2,11,8,4/4/2017 0:10:0,4/4/2017 11:45:0,4/5/2017 12:29:0,
534,PVG,-,6,2,1,1,89,15,4/7/2017 7:20:0,4/11/2017 0:35:0,4/12/2017 9:30:0,
535,-,-,4,2,2,2,13,11,4/13/2017 11:45:0,4/14/2017 1:0:0,4/16/2017 0:30:0,
536,KWI,-,4,2,1,1,37,11,4/21/2017 11:25:0,4/23/2017 1:15:0,4/24/2017 0:10:0,
537,LHR,-,6,2,1,1,49,23,4/25/2017 6:0:0,4/27/2017 7:40:0,4/30/2017 0:30:0,
538,LHR,-,6,2,1,1,54,23,4/6/2017 0:50:0,4/8/2017 7:45:0,4/11/2017 0:30:0,
539,-,-,2,2,2,2,9,7,4/11/2017 6:35:0,4/11/2017 16:5:0,4/12/2017 17:30:0,
540,KMG,-,6,2,1,1,85,11,4/14/2017 11:45:0,4/18/2017 0:45:0,4/19/2017 0:10:0,
541,-,-,2,2,2,2,11,7,4/19/2017 0:55:0,4/19/2017 12:30:0,4/20/2017 0:30:0,
542,-,-,2,2,2,2,12,10,4/21/2017 0:30:0,4/21/2017 12:30:0,4/22/2017 0:30:0,
543,-,-,2,2,2,2,9,7,4/22/2017 6:35:0,4/22/2017 16:5:0,4/23/2017 17:30:0,
544,PEK,-,5,2,1,1,65,15,4/26/2017 6:45:0,4/29/2017 0:40:0,4/30/2017 9:30:0,
545,-,-,2,2,2,2,11,8,4/4/2017 1:0:0,4/4/2017 12:20:0,4/5/2017 17:30:0,
546,RUH,-,4,2,1,1,37,11,4/10/2017 11:25:0,4/12/2017 1:15:0,4/13/2017 0:10:0,
547,KWI,-,4,2,1,1,37,11,4/14/2017 11:25:0,4/16/2017 1:15:0,4/17/2017 0:10:0,
548,-,-,4,2,2,2,12,10,4/20/2017 11:50:0,4/20/2017 23:55:0,4/23/2017 0:30:0,
549,-,-,3,2,2,2,5,3,4/23/2017 17:50:0,4/23/2017 23:20:0,4/25/2017 0:10:0,
550,-,-,3,2,2,2,10,8,4/30/2017 13:20:0,5/1/2017 0:5:0,5/2/2017 0:10:0,
551,-,-,3,2,2,2,11,9,4/4/2017 12:30:0,4/4/2017 23:55:0,4/6/2017 17:30:0,
552,RUH,-,4,2,1,1,37,11,4/9/2017 11:25:0,4/11/2017 1:15:0,4/12/2017 0:10:0,
553,-,-,2,2,2,2,9,7,4/12/2017 6:35:0,4/12/2017 16:5:0,4/13/2017 17:30:0,
554,-,-,2,2,2,2,10,8,4/14/2017 5:30:0,4/14/2017 16:25:0,4/15/2017 12:29:0,
555,DOH,-,4,4,3,1,42,13,4/16/2017 6:40:0,4/18/2017 0:50:0,4/19/2017 0:10:0,
556,-,-,2,2,2,2,10,8,4/19/2017 7:10:0,4/19/2017 17:20:0,4/20/2017 17:30:0,
557,-,-,3,2,2,2,5,3,4/22/2017 17:50:0,4/22/2017 23:20:0,4/24/2017 0:10:0,
558,BKK,-,5,4,2,1,66,14,4/24/2017 0:30:0,4/26/2017 18:40:0,4/28/2017 0:40:0,
559,-,-,3,2,2,2,7,5,4/5/2017 16:50:0,4/6/2017 0:35:0,4/7/2017 0:10:0,
560,-,-,2,2,2,2,10,8,4/8/2017 7:10:0,4/8/2017 17:20:0,4/9/2017 17:30:0,
561,-,-,3,2,2,2,10,8,4/11/2017 13:20:0,4/12/2017 0:5:0,4/13/2017 0:10:0,
562,-,-,2,2,2,2,10,7,4/14/2017 0:55:0,4/14/2017 10:55:0,4/14/2017 22:55:0,
563,PEK,-,5,2,1,1,65,15,4/15/2017 6:45:0,4/18/2017 0:40:0,4/19/2017 9:30:0,
564,-,-,3,2,2,2,7,5,4/19/2017 16:55:0,4/20/2017 0:35:0,4/21/2017 0:10:0,
565,KWI,-,4,2,1,1,37,11,4/24/2017 11:25:0,4/26/2017 1:15:0,4/27/2017 0:10:0,
566,DOH,-,4,2,1,1,37,10,4/4/2017 11:55:0,4/6/2017 0:55:0,4/7/2017 0:10:0,
567,LHR,-,6,2,1,1,49,23,4/9/2017 6:0:0,4/11/2017 7:40:0,4/14/2017 0:30:0,
568,RUH,-,4,2,1,1,37,11,4/14/2017 11:25:0,4/16/2017 1:15:0,4/17/2017 0:10:0,
569,-,-,2,2,2,2,11,9,4/19/2017 0:40:0,4/19/2017 12:30:0,4/20/2017 0:30:0,
570,-,-,2,2,2,2,10,8,4/21/2017 0:35:0,4/21/2017 11:20:0,4/22/2017 12:29:0,
571,KWI,-,4,2,1,1,37,11,4/26/2017 11:25:0,4/28/2017 1:15:0,4/29/2017 0:10:0,
572,-,-,3,2,2,2,5,3,4/29/2017 17:50:0,4/29/2017 23:20:0,5/1/2017 0:10:0,
573,-,-,2,2,2,2,11,8,4/5/2017 0:35:0,4/5/2017 11:40:0,4/6/2017 12:29:0,
574,SIN,-,4,4,3,1,42,11,4/7/2017 12:5:0,4/9/2017 6:5:0,4/10/2017 12:5:0,
575,KWI,-,4,2,1,1,37,11,4/12/2017 11:25:0,4/14/2017 1:15:0,4/15/2017 0:10:0,
576,-,-,2,2,2,2,12,10,4/15/2017 0:30:0,4/15/2017 12:30:0,4/16/2017 0:30:0,
577,BKK,-,5,4,2,1,66,14,4/17/2017 0:30:0,4/19/2017 18:40:0,4/21/2017 0:40:0,
578,NRT,-,8,2,1,1,95,19,4/23/2017 12:55:0,4/27/2017 12:45:0,4/30/2017 0:30:0,
579,-,-,2,2,2,2,10,8,4/30/2017 0:35:0,4/30/2017 11:20:0,5/1/2017 12:29:0,
580,KMG,-,5,2,1,1,61,11,4/5/2017 11:45:0,4/8/2017 0:45:0,4/9/2017 0:10:0,
581,KWI,-,4,2,1,1,37,11,4/9/2017 11:25:0,4/11/2017 1:15:0,4/12/2017 0:10:0,
582,-,-,2,2,2,2,9,7,4/15/2017 6:35:0,4/15/2017 16:5:0,4/16/2017 17:30:0,
583,BKK,-,5,4,2,1,66,13,4/19/2017 0:20:0,4/21/2017 18:40:0,4/23/2017 0:40:0,
584,KUL,-,4,4,3,1,40,11,4/24/2017 12:0:0,4/26/2017 4:45:0,4/27/2017 10:45:0,
585,PVG,-,4,2,1,1,41,15,4/13/2017 6:40:0,4/15/2017 0:35:0,4/16/2017 9:30:0,
586,KUL,-,4,4,3,1,40,11,4/19/2017 12:0:0,4/21/2017 4:45:0,4/22/2017 10:45:0,
587,BKK,-,4,4,3,1,41,10,4/24/2017 12:5:0,4/26/2017 6:0:0,4/27/2017 12:0:0,
588,RUH,-,4,2,1,1,37,11,4/28/2017 11:25:0,4/30/2017 1:15:0,5/1/2017 0:10:0,
589,-,-,2,2,2,2,11,8,4/3/2017 0:10:0,4/3/2017 11:45:0,4/4/2017 12:29:0,
590,KWI,-,4,2,1,1,37,11,4/6/2017 11:25:0,4/8/2017 1:15:0,4/9/2017 0:10:0,
591,-,-,4,2,2,2,12,10,4/11/2017 11:55:0,4/12/2017 0:0:0,4/14/2017 0:30:0,
592,SIN,-,4,4,3,1,42,11,4/20/2017 11:50:0,4/22/2017 6:5:0,4/23/2017 12:5:0,
593,-,-,4,2,2,2,12,10,4/24/2017 11:50:0,4/24/2017 23:55:0,4/27/2017 0:30:0,
594,-,-,2,2,2,2,10,8,4/28/2017 5:30:0,4/28/2017 16:25:0,4/29/2017 12:29:0,
595,-,-,2,2,2,2,10,8,4/30/2017 7:10:0,4/30/2017 17:20:0,5/1/2017 17:30:0,
596,DOH,-,4,2,1,1,37,10,4/5/2017 11:55:0,4/7/2017 0:55:0,4/8/2017 0:10:0,
597,BKK,-,4,4,3,1,42,10,4/8/2017 11:50:0,4/10/2017 6:0:0,4/11/2017 12:0:0,
598,-,-,2,2,2,2,11,8,4/12/2017 0:40:0,4/12/2017 12:20:0,4/13/2017 12:29:0,
599,-,-,2,2,2,2,10,8,4/14/2017 7:10:0,4/14/2017 17:20:0,4/15/2017 17:30:0,
600,-,-,2,2,2,2,10,7,4/17/2017 0:55:0,4/17/2017 10:55:0,4/17/2017 22:55:0,
601,-,-,3,2,2,2,5,3,4/18/2017 17:50:0,4/18/2017 23:20:0,4/20/2017 0:10:0,
602,-,-,3,2,2,2,10,8,4/20/2017 13:20:0,4/21/2017 0:5:0,4/22/2017 0:10:0,
603,LHR,-,4,3,2,1,59,24,4/4/2017 0:50:0,4/6/2017 12:20:0,4/7/2017 4:0:0,
604,KUL,-,4,4,3,1,40,11,4/12/2017 12:0:0,4/14/2017 4:45:0,4/15/2017 10:45:0,
605,SIN,-,4,4,3,1,42,11,4/16/2017 11:45:0,4/18/2017 6:5:0,4/19/2017 12:5:0,
606,PEK,-,4,2,1,1,42,15,4/21/2017 5:55:0,4/23/2017 0:40:0,4/24/2017 9:30:0,
607,-,-,3,2,2,2,5,3,4/24/2017 17:50:0,4/24/2017 23:20:0,4/26/2017 0:10:0,
608,-,-,2,2,2,2,11,8,4/26/2017 0:40:0,4/26/2017 12:20:0,4/27/2017 12:29:0,
609,BKK,-,5,4,2,1,66,13,4/12/2017 0:20:0,4/14/2017 18:40:0,4/16/2017 0:40:0,
610,SIN,-,4,4,3,1,42,11,4/19/2017 11:45:0,4/21/2017 6:5:0,4/22/2017 12:5:0,
611,SIN,-,4,4,3,1,42,11,4/23/2017 11:45:0,4/25/2017 6:5:0,4/26/2017 12:5:0,
612,DOH,-,4,4,3,1,41,13,4/27/2017 6:55:0,4/29/2017 0:50:0,4/30/2017 0:10:0,
613,KWI,-,4,2,1,1,37,11,4/4/2017 11:25:0,4/6/2017 1:15:0,4/7/2017 0:10:0,
614,SIN,-,4,4,3,1,42,11,4/8/2017 12:5:0,4/10/2017 6:5:0,4/11/2017 12:5:0,
615,RUH,-,4,2,1,1,37,11,4/12/2017 11:25:0,4/14/2017 1:15:0,4/15/2017 0:10:0,
616,JED,-,4,2,1,1,39,13,4/17/2017 7:55:0,4/18/2017 23:15:0,4/20/2017 0:10:0,
617,-,-,2,2,2,2,11,8,4/20/2017 5:25:0,4/20/2017 16:25:0,4/21/2017 12:29:0,
618,-,-,4,2,2,2,12,10,4/22/2017 11:55:0,4/23/2017 0:0:0,4/25/2017 0:30:0,
619,-,-,2,2,2,2,11,9,4/12/2017 0:40:0,4/12/2017 12:30:0,4/13/2017 0:30:0,
620,DOH,-,4,4,3,1,41,13,4/13/2017 6:55:0,4/15/2017 0:50:0,4/16/2017 0:10:0,
621,-,-,2,2,2,2,9,7,4/18/2017 6:35:0,4/18/2017 16:5:0,4/19/2017 17:30:0,
622,DOH,-,4,4,3,1,41,13,4/20/2017 6:55:0,4/22/2017 0:50:0,4/23/2017 0:10:0,
623,-,-,2,2,2,2,12,10,4/23/2017 0:30:0,4/23/2017 12:30:0,4/24/2017 0:30:0,
624,LHR,-,6,2,1,1,49,23,4/24/2017 6:0:0,4/26/2017 7:40:0,4/29/2017 0:30:0,
625,RUH,-,4,2,1,1,37,11,4/4/2017 11:25:0,4/6/2017 1:15:0,4/7/2017 0:10:0,
626,KWI,-,4,2,1,1,37,11,4/8/2017 11:25:0,4/10/2017 1:15:0,4/11/2017 0:10:0,
627,-,-,2,2,2,2,11,7,4/12/2017 0:55:0,4/12/2017 12:30:0,4/13/2017 0:30:0,
628,-,-,2,2,2,2,11,8,4/15/2017 5:25:0,4/15/2017 16:25:0,4/16/2017 12:29:0,
629,-,-,3,2,2,2,7,5,4/16/2017 16:55:0,4/17/2017 0:35:0,4/18/2017 0:10:0,
630,BKK,-,5,4,2,1,65,14,4/18/2017 0:20:0,4/20/2017 17:55:0,4/21/2017 23:55:0,
631,RUH,-,4,2,1,1,37,11,4/22/2017 11:25:0,4/24/2017 1:15:0,4/25/2017 0:10:0,
632,-,-,4,2,2,2,12,10,4/12/2017 11:50:0,4/12/2017 23:55:0,4/15/2017 0:30:0,
633,-,-,3,2,2,2,7,5,4/17/2017 16:55:0,4/18/2017 0:35:0,4/19/2017 0:10:0,
634,-,-,4,2,2,2,12,10,4/19/2017 11:50:0,4/19/2017 23:55:0,4/22/2017 0:30:0,
635,-,-,2,2,2,2,10,8,4/25/2017 7:10:0,4/25/2017 17:20:0,4/26/2017 17:30:0,
636,-,-,3,2,2,2,5,3,4/26/2017 17:50:0,4/26/2017 23:20:0,4/28/2017 0:10:0,
637,-,-,3,2,2,2,5,3,4/6/2017 18:5:0,4/6/2017 23:50:0,4/8/2017 0:10:0,
638,-,-,3,2,2,2,5,3,4/11/2017 18:25:0,4/12/2017 0:0:0,4/13/2017 0:10:0,
639,KMG,-,5,2,1,1,61,11,4/17/2017 11:45:0,4/20/2017 0:45:0,4/21/2017 0:10:0,
640,JED,-,4,2,1,1,39,13,4/22/2017 7:55:0,4/23/2017 23:15:0,4/25/2017 0:10:0,
641,BKK,-,5,4,2,1,65,14,4/25/2017 0:20:0,4/27/2017 17:55:0,4/28/2017 23:55:0,
642,-,-,2,2,2,2,11,8,4/6/2017 1:0:0,4/6/2017 12:20:0,4/7/2017 17:30:0,
643,KWI,-,4,2,1,1,37,11,4/10/2017 11:25:0,4/12/2017 1:15:0,4/13/2017 0:10:0,
644,-,-,2,2,2,2,8,7,4/14/2017 1:40:0,4/14/2017 10:35:0,4/14/2017 22:35:0,
645,-,-,2,2,2,2,9,7,4/26/2017 6:35:0,4/26/2017 16:5:0,4/27/2017 17:30:0,
646,BKK,-,5,4,2,1,66,13,4/28/2017 0:20:0,4/30/2017 18:40:0,5/2/2017 0:40:0,
647,BAH,-,4,2,1,1,37,11,4/4/2017 11:50:0,4/6/2017 1:10:0,4/7/2017 0:10:0,
648,PEK,-,5,2,1,1,65,15,4/19/2017 6:45:0,4/22/2017 0:40:0,4/23/2017 9:30:0,
649,-,-,2,2,2,2,10,8,4/24/2017 0:35:0,4/24/2017 11:20:0,4/25/2017 12:29:0,
650,-,-,3,2,2,2,10,8,4/25/2017 13:20:0,4/26/2017 0:5:0,4/27/2017 0:10:0,
651,BKK,-,4,4,3,1,42,10,4/7/2017 11:50:0,4/9/2017 6:0:0,4/10/2017 12:0:0,
652,-,-,4,2,2,2,12,10,4/11/2017 11:50:0,4/11/2017 23:55:0,4/14/2017 0:30:0,
653,PEK,-,5,2,1,1,66,15,4/24/2017 5:55:0,4/27/2017 0:40:0,4/28/2017 9:30:0,
654,-,-,3,2,2,2,11,7,4/6/2017 12:35:0,4/7/2017 0:10:0,4/8/2017 0:10:0,
655,-,-,2,2,2,2,11,9,4/8/2017 1:15:0,4/8/2017 12:20:0,4/9/2017 0:20:0,
656,-,-,3,2,2,2,7,5,4/9/2017 16:55:0,4/10/2017 0:35:0,4/11/2017 0:10:0,
657,PEK,-,5,2,1,1,65,15,4/22/2017 6:45:0,4/25/2017 0:40:0,4/26/2017 9:30:0,
658,BKK,-,5,4,2,1,65,14,4/27/2017 0:30:0,4/29/2017 17:55:0,4/30/2017 23:55:0,
659,-,-,4,2,2,2,12,10,4/8/2017 11:50:0,4/8/2017 23:55:0,4/11/2017 0:30:0,
660,-,-,2,2,2,2,11,8,4/12/2017 0:35:0,4/12/2017 12:20:0,4/13/2017 12:29:0,
661,-,-,2,2,2,2,10,8,4/14/2017 0:40:0,4/14/2017 11:20:0,4/15/2017 12:29:0,
662,BKK,-,5,4,2,1,66,14,4/3/2017 0:30:0,4/5/2017 18:40:0,4/7/2017 0:40:0,
663,-,-,3,2,2,2,5,3,4/9/2017 17:50:0,4/9/2017 23:20:0,4/11/2017 0:10:0,
664,-,-,2,2,2,2,12,10,4/13/2017 0:30:0,4/13/2017 12:30:0,4/14/2017 0:30:0,
665,-,-,2,2,2,2,10,8,4/23/2017 7:10:0,4/23/2017 17:20:0,4/24/2017 17:30:0,
666,-,-,3,2,2,2,5,3,4/25/2017 17:50:0,4/25/2017 23:20:0,4/27/2017 0:10:0,
667,BKK,-,4,4,3,1,41,10,4/27/2017 12:5:0,4/29/2017 6:0:0,4/30/2017 12:0:0,
668,-,-,4,2,2,2,12,11,4/3/2017 12:20:0,4/4/2017 1:10:0,4/6/2017 0:30:0,
669,-,-,2,2,2,2,11,9,4/6/2017 0:40:0,4/6/2017 12:15:0,4/7/2017 0:15:0,
670,-,-,2,2,2,2,10,7,4/8/2017 0:55:0,4/8/2017 10:55:0,4/8/2017 22:55:0,
671,-,-,3,2,2,2,5,3,4/21/2017 17:50:0,4/21/2017 23:20:0,4/23/2017 0:10:0,
